--DATABASE FACTURI

CREATE TABLE RAION
(
	RAION_ID int primary key identity(1,1),
	DENUMIRE varchar(30),
)

CREATE TABLE LOCALITATE
(
	LOCALITATE_ID int primary key identity(1,1),
	RAION_ID int foreign key references RAION(RAION_ID),
	DENUMIRE varchar(30),
)

CREATE TABLE STRADA
(
	STRADA_ID int primary key identity(1,1),
	DENUMIRE varchar(30),
)

CREATE TABLE LOC_STR
(
	LOC_STR_ID int primary key identity(1,1),
	LOCALITATE_ID int foreign key references LOCALITATE(LOCALITATE_ID),
	STRADA_ID int foreign key references STRADA(STRADA_ID),
)

CREATE TABLE CLIENT
(
	CLIENT_ID int primary key identity(1,1),
	LOC_STR_ID int foreign key references LOC_STR(LOC_STR_ID),
	NUME varchar(20),
	PRENUME varchar(20),
	DATA_NAST datetime,
	GEN bit,
	IDNP varchar(13),
	BLOC varchar(5),
	NR varchar (5),
)

INSERT INTO RAION(DENUMIRE)
VALUES('ORHEI'),
	  ('BALTI'),
	  ('SOROCA'),
	  ('BRICENI'),
	  ('EDINET')

INSERT INTO LOCALITATE(RAION_ID,DENUMIRE)
VALUES(9,'LUCASEUCA'),
	  (10,'NASAUTI'),
	  (11,'CIPRENI'),
	  (12,'ARARAT'),
	  (13,'MIRENI')

INSERT INTO STRADA(DENUMIRE)
VALUES('MIHAI EMINESCU'),
	  ('STEFAN CEL MARE'),
	  ('VASILE CASU'),
	  ('CIPRIAN PORUMBESCU'),
	  ('ION CREANGA')

INSERT INTO LOC_STR(LOCALITATE_ID,STRADA_ID)
VALUES(2,1),
	  (3,2),
	  (4,3),
	  (5,4),
	  (6,5)

INSERT INTO CLIENT(LOC_STR_ID, NUME, PRENUME, DATA_NAST, GEN, IDNP, BLOC, NR)
VALUES(1,'MARINCIUC','VASILE','1991-04-02', 1, 1991703037216, '16A', '5A'),
	  (2,'ANDRONE', 'MIHAELA','1993-08-12', 0, 4178471848174, '10', '32'),
	  (3,'VASILESCU','ION',   '1999-12-31', 1, 6523525066994, '1', '55B'),
	  (4,'STRAJESCU','DIANA', '2000-03-11', 0, 3813129391931, '17C', '3'),
	  (5,'CIMPOI','MARINA',   '2002-07-13', 0, 4194281982912, '19', '55F')

INSERT INTO BANCA(BANCA)
VALUES('MAIB'),
	  ('MOLDINDCONBANK'),
	  ('MOBIASBANCA'),
	  ('FINCOMBANK'),
	  ('BCR')

INSERT INTO CONT(BANCA_ID,CLIENT_ID,NR_CONT)
VALUES(1,1,4129412949100),
	  (2,2,3213213441112),
	  (3,3,3183813641231),
	  (4,4,8414174882821),
	  (5,5,3712831283139)

INSERT INTO PRODUSE(COD_PRODUS,DENUMIRE)
VALUES('A123','BANANA'),
	  ('B542','PORTOCALA'),
	  ('CC009','COCOS'),
	  ('S382', 'CIOCOLATA'),
	  ('T545', 'INGHETATA')

INSERT INTO UNITATE_MASURA(DENUMIRE,ABREVIERE)
VALUES('KILOGRAM','KG'),
	  ('GRAM','G'),
	  ('MILIGRAM','MG'),
	  ('TONA', 'T'),
	  ('DECAGRAM', 'DAG')

INSERT INTO FACTURA(CONT_ID,NUMAR_FACTURA,DATA_FACTURA,SUMA_TVA,SUMA)
VALUES(1, '223AD', '2022-01-21', 8991.99, 8800.71),
	  (2, '88732', '2022-02-28', 298.56, 280.77),
	  (3, '77777', '2022-03-10', 444.44, 400.76),
	  (4, '99771', '2022-03-19', 567.98, 521.32),
	  (5, '8514F', '2022-02-17', 6621.43, 6200.67)

INSERT INTO DATE_FACTURA(FACTURA_ID, PRODUS_ID, UNITATE_MASURA_ID, CANTITATE, PRET, SUMA, SUMA_TVA, SUMA_TOTAL)
VALUES(8,  6,  5, 4,   100,  400,  475.22,   475.22),
	  (9,  7,  1, 3,   200,  600,  678.98,   678.98),
	  (10, 8,  2, 120, 250, 30000, 35412.31, 35412.31),
	  (11, 9,  4, 1,    50,   50,  60.76,    60.76),
	  (12, 10, 2, 70,   30,  300,  345.12,   345.12)
